Person_ID,DOB,Initial_Name,First_Name,Last_Name,Country_Name,Phone_number,Email,Account_name,Subscription
001,1999-03-21,Ms,Sakshi,Gupta,India,9876532945,sakshig@gmail,Sakshiii Gupta9900,Y
002,1993-04-11,Mr,Alan,Cooper,USA,240-219-0550,CooperAlan@hotmail,CooperA,N
003,1990-11-08,Mr,Yohani,De,Sri Lanka,8797321854,yoohani@yahoo.com,Telly Music,Y
004,2000-04-06,Mrs,Otto,Smith,Germany,7840096538,smithbakery@gmail.com,Smith's Bakery,N
005,1979-08-19,Mrs,Wang,Li,India,7781435789,wangli@gmail.com,Wang's Home ESL,Y
006,1985-05-19,Ms,Neeru,Srikanth,India,5673831214,neeskitchen@gmail.com,Nees Kitchen,N
007,2003-07-18,Mrs,Shivin,Ganesan,India,8769452345,shiving@yahoo.com,SG explore,Y
008,1999-05-19,Mr,Hannah,Pauline,USA,956-260-4620,hannahp@hotmail.com,Hannah's Kitchen,N
009,1995-07-18,Mrs,Lora,Santhakumar,India,7864532103,loras@gmail.com,Lora's Diaries,N
010,2001-04-13,Mr,Sriram ,Saptarishi,India,9840567898,sriramsaptarishi@gmail.com,Sriram Saptarishi,N
011,2000-04-05,Mrs,Gabriel,Lucas,USA,707-537-9647,lucasgab@yahoo.com,Laurant G,Y
012,1996-08-31,Mrs,Santos,Louis,Germany,1776539873,isantosl@gmail.com,Savoir Travels The World,N
013,1967-07-13,Ms,Luiza,Codery,Nepal,2234669876,codreys@hotmail.com,Makeup with Luiza,N
014,1997-12-30,Mrs,Tucker,Budzz,USA,949-266-7542,tuckershome@gmail.com,The Budzyns,Y
015,2004-02-14,Ms,Rohini,Iyer,India,9987356749,rohiniiyer@gmail.com,Iyer Creations,Y
016,1985-03-10,Mrs,Chitra,Murali,India,8756432090,chitramurali34@gmail.com,Chitra Murali's Kitchen,N
017,2002-03-08,Mr,Henry,Victor,USA,314-791-0249,victorhenry@gmail.com,Henry Victor,Y
018,1981-01-01,Mrs,Diana,Wilson,USA,419-463-8122,dianaw@gmail.com,"Diana's ,Makeup Journey",N
019,1985-06-16,Mr,Rick,Steves,USA,904-868-8678,ricksteve@hotmail.com,Rick Steves's Europe,Y
020,1985-09-18,Mrs,Natasha,Wilona,Sri Lanka,3245618906,natashaw@gmail.com,Natasha Wilona,N
021,1823-02-11,Mrs,Marvel,Studios,USA,719-250-0527,marvel@gmail.com,Marvel Studios,Y
022,1923-04-04,Ms,Warner,Bros,USA,928-428-6640,warnerbrosus@yahoo.com,Warner Bros,Y
023,1904-05-21,Mrs,FIFA,,Germany,7677667772,fifaworld@hotmail.com,FIFA ,Y
024,2001-08-27,Mr,Yukthaasri,V,India,7248951683,ykcooking@gmail.com,Yukthaa's Cooking Channel,N
025,1993-12-07,Mrs,Sisan,Baniya,Nepal,6896542398,sisanb@gmail.com,Sisan Baniya,Y
026,1997-11-09,Mr,Chetan,Karki,Nepal,9874560965,chetanvlogs@gmail.com,Chetan Vlogs,N
027,1989-12-08,Mrs,Herr,Antrim,Germany,4321078965,antrimherr@yahoo.in,Learn German with Herr Antrim.,N
028,1993-10-06,Mr,Trived ,Ragnor,India,9876780451,trivedr@gmail.com,Trived Ragnor,N
029,1962-06-05,Mr,Damodaran,,India,8765432190,chefdamu@gmail.com,Chef Damu's Multicuisine,N
030,1978-12-12,Mrs,Mary,Loorthusamy,Sri Lanka,8907564324,maryloorthu@gmail.com,Mary's Kitchen,Y
031,1978-09-21,Mrs,Henry,Raya,Germany,2224308629,chanelle23@okuneva.com,Raya's Lifestyle,Y
032,1978-04-13,Mrs,Theodore,Wrenley,India,2224369437,sgreenfelder@hotmail.com,Wrenley Explores,Y
033,1987-04-17,Ms,Jack,Angelique,India,2225449188,mcartwright@bartell.net,Jack's Angelique,N
034,1979-05-14,Mrs,Levi,Vida,USA,2222084985,connor.stokes@hotmail.com,Levi Vida,Y
035,1989-05-19,Mr,Alexander,Emberlynn,Germany,265235367,xokon@yahoo.com,iselderauaphateoflife,Y
036,1981-05-13,Mrs,Jackson,Flora,India,1123650857,nhyatt@okon.com,wonderamiptos4,N
037,1979-06-18,Mr,Mateo,Murphy,India,222816423,zrunte@gmail.com,ak2k1edfslommofsweamp,N
038,2000-05-16,Mrs,Daniel,Arleth,,2228757784,jaskolski.sharon@yahoo.com,abutorfesmalivi,Y
039,1992-09-13,Ms,Michael,Ocean,,124301840,aileen14@boyle.org,otrovniaplativo,N
040,1998-09-21,Mr,Mason,Oakleigh,India,9536485796,zgreenfelder@konopelski.com,dolceofgabhojs,N
041,1998-07-31,Mr,Ian,Freyja,Sri Lanka,4425960177,qmarks@hotmail.com,saitistephopehangioli,N
042,1969-08-18,Mrs,Everett,Mylah,USA,2227664331,cleo.schimmel@mertz.org,hikiculturercalconi,Y
043,1969-04-28,Mrs,Greyson,Taytum,USA,2225569669,schoen.miracle@kozey.com,esasifikechydrozoa,N
044,1991-12-16,Ms,Wesley,Elia,Germany,2228972913,simonis.filomena@yahoo.com,ra3n2oifemilinemoo,N
045,1990-04-18,Mrs,Jeremiah,Jaylani,India,41395545,carter.judah@hotmail.com,telabangn2chc,Y
046,1989-09-13,Mr,Hunter,Zayla,Nepal,2224148995,tokeefe@gmail.com,msiwagusemtipseerovoppy,N
047,1970-05-14,Mrs,Leonardo,Navy,Nepal,444200998,abraham97@hotmail.com,metallo127wcompisce,N
048,1976-09-18,Mr,Olivia,Della,Germany,95250233554,doug.ferry@gmail.com,usoljenogqayunda,N
049,1980-10-10,Mrs,Emma,Clover,Sri Lanka,2224933519,queen76@carroll.info,exabashjaskogonuts82,N
050,1999-08-12,Mrs,Charlotte,Nyra,Germany,2224112221,uraynor@gmail.com,adenoidalskarpytas,Y
051,2000-10-16,Ms,Amelia,Hadley,USA,2228020451,aconnelly@carter.com,coenenuchoimimi,N
052,1999-11-10,Mrs,Ava,Melody,Sri Lanka,4024410163,kmorar@streich.com,milkcoveredupuimmamscacle,Y
053,2000-10-24,Ms,Sophia,Julia,Germany,4424357177,slangworth@hotmail.com,furachailewyddit,Y
054,1991-01-01,Mrs,Isabella,Parker,India,2226854007,xheidenreich@hotmail.com,hewropiwmwe3p,Y
055,2000-11-11,Mr,Mia,Rose,USA,2227707751,aking@bartoletti.com,arabianeyes90dcurletti,N
056,2001-05-03,Mrs,Evelyn,Isabelle,India,2228847213,bwisoky@yahoo.com,cepolhfaffa,Y
057,2001-09-08,Mr,Harper,Ayla,India,2363626,lubowitz.anibal@batz.com,bavendorfframnadadore09,N
058,1992-04-09,Mrs,Iris,Eloise,Germany,2228104524,laura65@hansen.info,gasconadayprussics,Y
059,1978-08-06,Mrs,Maria,Lyla,Germany,2228614821,gabrielle.roob@skiles.com,ca1itimitatius,N
060,1989-11-06,Ms,Kariana,Kapoor,India,3324170981,iwillms@gmail.com,usvojioceeskylmast,N
061,1991-09-23,Mrs,Samantha,Eliza,USA,22352985,okon.haley@turner.com,salicilicbjanovski,N
062,1981-09-19,Mr,Karan,Vathan,India,8316525329,bashirian.cassandra@hotmail.com,synthizgivi,N
063,2000-12-13,Mrs,Zara,Zhahir,India,8829790564,holly83@hotmail.com,fransiworldtlilslaugta,N
064,1995-11-06,Mr,Shanthi,Shankar,India,8401102675,colin96@altenwerth.com,ruszywszyqmaupart,N
065,1987-09-25,Mrs,Nirmala,Mary,Sri Lanka,6754352590,alesch@sipes.com,succussiodciskhousiom,Y
066,1996-03-27,Mr,Ariella,Vivian,Germany,040 65 60 32,hansi@gmail.com,nimabedeeldktazycat,Y
067,1998-04-14,Mr,Hansi,Khandhan,India,8339050966,rajpakshe@gmail.com,nickoshikmiyaland,N
068,1985-04-14,Mrs,Mahindh,Rajpakshe,Sri Lanka,7658903452,ranjanrajiv@gmail.com,huchelwyrxacroloxia,Y
069,1999-09-17,Mrs,Rajiv,Ranjan,Sri Lanka,7658904321,namalb2@gmail.com,disforjolbuggappytug,N
070,1995-04-18,Mrs,Peyton,Valerie,Germany,07802 88 91 29,jan88888@gmail.com,maglajuipasculli,Y
071,1982-07-04,Ms,Everleigh,Blakely,USA,252-413-1617,kavishan8775@gmail.com,begienwchlcasitawendy,Y
072,1983-05-31,Mrs,Namal,Genevieve,Sri Lanka,9688765432,bathra5566@gmail.com,bigearfluxvmamatolandon,Y
073,2000-06-11,Mr,Ember,Esther,Germany,03761 52 98 51,hemahema009@gmail.com,bridigitnppossaira,Y
074,1985-01-31,Mrs,Ryleigh,Valeria,India,9427651377,kani0000999@gmail.com,neonazisylolamr,N
075,1980-10-08,Mr,Georgia,Katherine,USA,601-599-1404,guhan@gmail.com,boubcockywaleous87,N
076,1990-11-13,Mrs,Catalina,Kylie,India,9477511922,kasun@gmail.com,ackdorgielegimy,N
077,1999-01-05,Mrs,Emerson,Norah,India,9057963888,asu34@gmail.com,ccbabii123yduchshocric,Y
078,1980-11-06,Mr,Alexandra,Amaya,Germany,0751 15 81 47,naina0382948@gmail.com,gratacelbagresivan,N
079,1994-01-09,Mrs,Faith,Bailey,Germany,034461 89 32,dumipras@gmail.com,gunovitwofold,N
080,1994-11-01,Mr,Jasmine,Elango,India,9385864451,nishantha@gmail.com,scertiniqportugala,N
081,1997-02-24,Mrs,Ashley,,USA,252-586-1854,dushara@gmail.com,audreylolitagfrecsaist,Y
082,1988-09-28,Mr,Andrea,Anastasia,India,9820995339,ranu@gmail.com,ffhdkelliclaypool,Y
083,1990-10-24,Mr,Millie,Olive,Germany,07165 31 94 94,akith@gmail.com,tiemporealicajlamspels,N
084,1998-03-26,Mrs,June,Alani,Sri Lanka,8980345256,rashi3@gmail.com,pokopanokiu2mer,N
085,1995-01-16,Mrs,Khloe,Brianna,Sri Lanka,2228696725,kalani@gmail.com,minchawpo3c2a,N
086,1997-07-18,Mrs,Callie,Rosalie,Sri Lanka,4023713368,perera@gmail.com,seachainwbrigantin,Y
087,1995-05-13,Ms,Juliette,Molly,Nepal,2223765531,fernan@gmail.com,trincacprocesore,N
088,1991-07-22,Mrs,Sage,Brynlee,Germany,1125811365,Lakgop759530@gmail.com,rt5eaglliofobowy,Y
089,1988-07-07,Mr,Ada,Deliban,India,8631029413,dterry@murray.com,maffrarfmenuemuntfu,Y
090,1996-04-14,Mrs,Adonis,Simon,Nepal,2608150938,collier.lacey@monahan.net,opkladudcenter09,Y
091,1983-01-26,Mrs,Kyrie,Phoenix,USA,505-872-9822,mary43@block.com,2g3o2v2xssze1p2,Y
092,1998-10-09,Mrs,Matias,Javier,Sri Lanka,3704439319,okon.kirk@gmail.com,kutexrougengeladiva,N
093,1996-02-02,Ms,Oscar,Bryce,Sri Lanka,4157091079,shane82@gmail.com,krazycaylanlishd,N
094,1980-12-26,Mrs,Lukas,Louis,Sri Lanka,7258464315,amclaughlin@dickens.com,krisstleseungyoonseo,Y
095,1986-10-10,Mr,Marcus,Cash,Nepal,9280072524,chandler.streich@rowe.info,thamiresdeovflaserom,Y
096,1998-11-26,Mrs,Hayes,Lennox,Germany,023 33 49 66,alta.lind@herzog.com,meritanvkolibra,N
097,1995-07-24,Mr,Caden,Paxton,Nepal,4915722069,ollie.nolan@yahoo.com,mawuvukerdevoto2009,N
098,2002-05-22,Ms,Remington,Rohan,Sri Lanka,4920170971,witting.connie@boyer.com,avonzooantik,N
099,1999-04-14,Ms,Griffin,Arabella,Germany,4656865747,jazmyn61@dietrich.com,avlamisneurohequerpix,N
100,1991-10-17,Mrs,Nash,Sara,Nepal,1914899910,kallie.trantow@hammes.com,taloarscbakhandwe,Y
101,1994-11-17,Mr,Israel,Journee,Sri Lanka,4001382847,rae.beatty@pfeffer.org,rje3latizgrebao,N
102,1984-11-20,Mrs,Steven,Harmony,Nepal,3991264048,smitham.myrtis@hotmail.com,dzhielexactualplay,N
103,1989-07-09,Mr,Holden,Blake,Sri Lanka,6170138185,darrin.kiehn@monahan.com,bubuitqbonyine,Y
104,1993-01-09,Mrs,Rafael,Alaina,Germany,02509 68 73 96,hjones@durgan.com,zokuqashaygrosser,N
105,2000-02-19,Mr,Zane,Aspen,India,8529208227,noelia48@keebler.com,achermannshungfu100k,N
106,1993-07-21,Mr,Jeremy,Noelle,Nepal,4402494588,august10@hotmail.com,pilollawsedici,N
107,1987-04-15,Mrs,Kash,Selena,Nepal,1118738498,dcrist@rippin.com,vetnuxudgetugtsaksidami,Y
108,1987-02-03,Mrs,Perera,Sujith,Sri Lanka,1995217441,sbartell@konopelski.com,peyraniccukeric,Y
109,1984-03-03,Mrs,Fernando,Ishan,Sri Lanka,2285153163,wfadel@durgan.com,imbonireudidaktis,Y
110,2001-01-20,Ms,Lakman,Gopal,India,8020229852,luettgen.monica@kunze.net,rookiemugao,N
111,1999-07-28,Mrs,Cooper,Oaklynn,USA,650-370-3044,qschamberger@yahoo.com,diabulusqtuffguy71,Y
112,1989-05-19,Mr,De,Morgan,USA,212-845-5301,dschamberger@bins.com,somovkamispotakao,Y
113,1998-12-26,Mrs,Smith,Londyn,Germany,08654 23 02 23,gottlieb.cornelius@yahoo.com,gussregenvcwmneais,Y
114,1987-10-27,Mr,Li,Zuri,India,8761572993,schroeder.cordell@willms.org,kindunumcassostrat,N
115,1982-05-07,Ms,Preston,Aliyah,USA,334-280-2447,wilbert55@yahoo.com,neosedlanyraboni,Y
116,1998-01-20,Mrs,Kyler,Jordyn,Germany,02302 30 99 05,jensen35@schroeder.com,otimamjwettkurs,Y
117,1991-09-26,Mr,Jax,Juliana,India,8843211826,schulist.neal@gmail.com,draineawnqtrandytas,Y
118,1981-11-04,Mrs,Jett,Finley,Germany,08582 28 35 20,enrique36@gmail.com,eduart07ikraftinn,Y
119,1987-05-12,Mr,Kaleb,Tripathi,Nepal,8765456781,columbus17@parisian.org,kudhaminijtierieacrorma,Y
120,1998-06-07,Mrs,Riley,Victor,India,8832156598,howe.colten@yahoo.com,urodiloueilliwr,Y
121,2000-03-02,Mr,,Avery,USA,901-877-7217,gutkowski.leta@gmail.com,xibilleelokufisa,Y
122,1984-09-14,Mr,Pavni,Joel,India,9518372766,schneider.maximillian@kulas.info,detschrjoerog234,Y
123,2002-07-13,Mrs,Rangitha,Grant,India,8231384274,dibbert.evangeline@yahoo.com,probegaswtumido,Y
124,1981-03-23,Mrs,Presley,Eric,USA,563-272-1288,neil70@walsh.com,empaurirupancarta,Y
125,1987-11-13,Mrs,Zara,Patrick,USA,248-609-8972,natalie.kreiger@sanford.com,e5mut4pbarring,Y
126,1982-02-07,Ms,Leila,Peter,USA,870-729-6288,paula15@hotmail.com,muratorioybshizzle82,N
127,1999-06-04,Mrs,Marley,Richard,India,8739162346,bartell.wilton@hotmail.com,engansisyro3tl,Y
128,2002-09-12,Mr,Clara,Edward,USA,313-791-3302,aliza26@gmail.com,loloetguicxperhauz,Y
129,1990-05-02,Mrs,Raelynn,Andres,USA,914-479-9395,tyson.kohler@hotmail.com,pronoiesztyblet,Y
130,1986-10-06,Ms,Liliana,Emilio,Germany,02161 38 63 72,qrosenbaum@mckenzie.com,armalhszparkwagen,Y
131,1981-02-07,Mrs,Yash,Colt,India,9534794963,reece98@schamberger.com,xaramagocpescumis,N
132,1982-11-04,Mr,,Tucker,USA,320-260-7157,schuyler00@hotmail.com,millygurl87qohryzek,N
133,1984-03-06,Mrs,Ragavendran,Rohini,USA,631-669-6307,oral.osinski@hotmail.com,ofreniuangecurieuse,N
134,1998-08-31,Mr,Daniel,Chitra,USA,732-734-7969,werner15@hotmail.com,sbergamigdelhisch,N
135,1986-07-12,Mrs,Priya,Henry,USA,312-769-5578,jgutmann@hotmail.com,aidantsqbilferge,N
136,2000-03-26,Mr,William E.,London,USA,760-538-0653,benny.quitzon@yahoo.com,detaneddlnwexuka,N
137,1998-12-31,Mr,Karthik,Kimberly,India,8329221570,balistreri.garry@gmail.com,minojaxk0okyk3lly,Y
138,1984-01-04,Mrs,Pandiya,Elsie,India,8077013812,wehner.penelope@wehner.com,furbinijtlhanola,N
139,1995-10-29,Mrs,Sawyer,Ariel,USA,406-935-1644,taya09@haag.net,bwdlydssmaadster,Y
140,1999-12-11,Mrs,Amira,Lila,USA,415-792-3105,christina76@mills.com,szabikakbrochod,N
141,1981-06-07,Ms,Lilly,Alana,Germany,089 42 78 89,hillard14@murazik.com,yaninita1983sbrugiamalayi,Y
142,1987-09-21,Mrs,Matteo,Diana,India,9831147637,lavina59@hamill.com,csdesignkdeowl,Y
143,2000-06-08,Mr,Malachi,Knox,USA,817-919-3558,douglas.morissette@gmail.com,kratimaybuetyness,Y
144,1981-04-14,Mrs,Ivan,Beckham,USA,906-353-7053,broderick07@gmail.com,awuyiseddrurtutrale,N
145,2000-12-15,Ms,Elliott,Finn,India,7967822090,qhand@block.net,szodomitacrydau,N
146,1982-02-06,Ms,Jesus,King,USA,517-547-9259,cheaney@shanahan.info,peperigtesmarratz,N
147,1980-01-22,Mrs,Emiliano,Brody,India,9113867327,marvin.hobart@hotmail.com,serinellievonysoilllani,Y
148,1988-12-30,Mr,Messiah,Xander,Germany,0911 50 26 43,keyshawn23@schultz.biz,akafufukaalessekwhiviva,Y
149,1981-08-12,Mrs,Gavin,Nicolas,USA,828-544-5215,alex.gulgowski@schaefer.com,puhlicamitkapolcsi,N
150,1994-06-28,Mr,Maddox,Charlie,India,9650742273,annamarie.spencer@hotmail.com,gluthourlbonooglik,Y
151,1981-07-23,Mrs,Camden,Arlo,USA,701-493-5899,will.niko@hotmail.com,olborskilzubowicz,Y
152,1986-08-10,Mr,Hayden,Emmanuel,USA,330-279-8507,aric.ullrich@rowe.org,genaufbaucbadalets,N
153,2001-05-15,Mr,Leon,Barrett,India,8550814109,oberbrunner.nicole@gmail.com,agathachilefgiggleboxxyz,N
154,2000-01-26,Mrs,Antonio,Felix,Germany,04725 46 68 24,snienow@gorczany.net,ufologiepispredu,N
155,1991-10-17,Mrs,Justin,Alex,India,9696643447,gwendolyn.ohara@hotmail.com,na3arusodarom,N
156,2000-12-15,Mrs,Tucker,Miguel,India,8136519334,bobby.mraz@heaney.info,kovanecqfernestar,N
157,1986-06-24,Ms,Brandon,Abel,Germany,0851 47 61 15,ashly49@yahoo.com,esclaraybrumov,N
158,1990-04-28,Mrs,Kevin,Alan,USA,704-239-6216,purdy.darby@quitzon.com,samtykkikbachlag,Y
159,1998-01-05,Mr,Judah,Beckett,USA,202-957-6066,karlee.renner@oconnell.com,houstonomoduffagela,N
160,1987-10-18,Mrs,,Amari,Germany,04331 18 58 11,hilbert28@yahoo.com,sacharidnvaldre,N
161,1987-03-02,Ms,Abitha,Karter,India,8180249059,ylabadie@cummerata.com,aveomfakat,Y
162,1997-06-26,Ms,Adalynn,Timothy,USA,850-345-9031,idell36@lehner.com,zagradhtratadoschick,Y
163,1989-06-10,Mrs,Arya,Abraham,USA,423-333-0162,schroeder.elody@yahoo.com,1oltalmjsks4t,N
164,1992-07-31,Mr,Eden,Jesse,Germany,06371 90 60 93,holly58@hotmail.com,umejavasscrazybabyli,Y
165,1984-05-27,Mrs,Remi,Zayden,Germany,,ezra.gottlieb@gmail.com,lagourjemme,N
166,1980-07-16,Mr,Mackenzie,Blake,Germany,,cruecker@shanahan.biz,neowyzbmwilliams83,Y
167,1982-12-26,Mrs,Maeve,Alejandro,India,9227593466,torp.laron@hegmann.com,gzicievhuir,Y
168,1982-05-30,Mr,Margaret,Dawson,Germany,,wroob@mills.com,minhotihchilot,N
169,1986-11-21,Mr,Gayathri,Tristan,India,9845784156,hilpert.torrey@hotmail.com,turgenjevyredolar,Y
170,1998-04-28,Mrs,Moller,Rajesh,USA,507-568-4187,ayden.trantow@hotmail.com,kleiostcesarillanes,Y
171,1980-06-24,Mrs,Korpal,Pargav,USA,714-394-7652,pollich.dedrick@gmail.com,afzwaaierkrianimato,Y
172,1998-11-20,Mrs,Reagan,Codery,USA,802-496-8435,dtorphy@hotmail.com,aluscundaxanjiman,Y
173,1994-01-10,Ms,Rajesh,Reagan,USA,770-915-7761,keenan03@emmerich.net,yensimitlemotjuste,N
174,1989-05-08,Mrs,Pargav,Charlie,USA,918-459-7616,pstroman@gmail.com,hypesdontlierzezuta,N
175,1987-01-02,Mr,Indran,Ragavendran,India,7845123305,aletha.hermann@greenholt.biz,partikkeluspiralez,Y
176,1984-09-16,Mrs,Martal,Daniel,USA,810-341-6809,stark.renee@stamm.com,foceanzporicadas,Y
177,1992-07-31,Ms,Rahul,Priya,Germany,,eusebio.schroeder@swaniawski.info,scariotqdileguare,N
178,1985-02-11,Ms,Crisp,William E.,Germany,,tstamm@yahoo.com,mamoespudewitz,N
179,2000-06-14,Mrs,Warner,Kristin,USA,507-746-5167,erik.russel@hotmail.com,worgynymfoman,N
180,2001-03-21,Mr,FIFA,Alaia,USA,217-927-3924,vallie.lemke@wolf.com,rufoloniftolil,Y
181,1981-08-03,Mrs,Yukthaasri,Melanie,USA,831-337-3631,roob.treva@schmidt.net,loshiceyowkahashumi,Y
182,1997-07-03,Mr,Sisan,Praneeth,India,8547210302,schowalter.sister@gmail.com,lezardfrileuxjbedorant,Y
183,1997-08-18,Mrs,Chetan,Saagar,India,9587412036,vbeatty@sauer.com,islettbhelloching04,Y
184,2002-11-12,Mr,Herr,Karan,USA,305-404-7320,zoie40@hotmail.com,grossardiawaly,Y
185,2000-02-13,Mr,Trived ,Zara,USA,580-547-9920,agnes.waelchi@runte.com,rintelensiivychaang,Y
186,1998-07-30,Mrs,Damodaran,Shanthi,USA,708-287-2769,ledner.nyasia@yahoo.com,zadubemenadenulo,Y
187,1983-05-11,Mrs,Murali,Nirmala,USA,323-937-5852,igraham@lehner.com,itzchauublondir,N
188,1989-12-18,Mrs,Victor,Cecilia,USA,410-827-7010,bogan.al@steuber.com,mortauxconsplokufisa,Y
189,2002-02-17,Ms,Wilson,Mary,USA,662-340-8979,maude.dach@green.net,wrthferynvwildsheepz,N
190,1997-12-02,Mrs,Josie,Daisy,USA,610-325-4289,joel.fisher@franecki.com,aerbhratjhoyo9golf,Y
191,2001-04-03,Mr,Elliana,Alina,USA,301-265-1495,schmeler.edna@gmail.com,irranolableynabajala,N
192,2016-05-16,Mrs,DC,Entertainment,USA,308-872-2654,ulynch@gmail.com,vanessagoldglapucci,N
193,1991-12-05,Mr,Prathap,Shankar,India,7845968301,smurphy@ruecker.com,spanakisdtkas5s2z,N
194,1985-07-20,Mr,Perera,Juniper,Germany,2228696725,daisha.bernier@yahoo.com,inkampanimdeszpot,N
195,1990-08-08,Mrs,Fernando,Kaylee,Germany,4023713368,will.lourdes@hotmail.com,ignorandoujessalley,Y
196,1985-09-24,Mr,Lakman,Herr,Germany,2223765531,ryan.kiara@hotmail.com,flippythekistfab1se2s1,Y
197,1987-08-29,Mrs,Lucia,Trived ,Germany,1125811365,hickle.demetrius@ernser.com,bagiolisregionica,Y
198,1999-01-30,Mr,Ximena,Damodaran,Germany,,dena.yundt@hotmail.com,torettaxpotsofgold4u,Y
199,2001-02-16,Mr,Daniel,Martal,India,9586478216,orville23@yahoo.com,plonaodisbr3vey,Y
200,1993-10-13,Mrs,Priya,Rahul,India,8654714255,shad03@fritsch.com,oposowywyopyop,Y
201,1954-05-12,Mr,William E.,Crisp,USA,907-980-3665,julianne22@cremin.com,mhiclohempecada,Y
202,1968-06-22,Mrs,Kristin,Moller,Germany,09083-79-67-49,violet.schamberger@gmail.com,yesica1428wannodare,N
203,1981-12-17,Ms,Yamini,Korpal,India,9712247674,ksatterfield@smitham.com,silhantanblissfulnat,N
204,1995-06-23,Mr,Mohit,Anand,India,9490889873,kdach@gmail.com,ev3atuenbydus,Y
205,1992-10-12,Mr,Magnolia,Isabel,Nepal,22710936,micheal54@hoppe.com,telegramajlirio,Y
206,1964-06-18,Mr,Summer,Reese,Nepal,2255906024,orie.beier@hotmail.com,lokotmgc1fan6788,Y
207,1974-04-19,Mrs,Adalyn,Emersyn,Germany,25032019,eriberto41@stamm.info,vawnartencejnilofo,N
208,1978-08-16,Mr,Sloane,Sienna,India,2224308746,izaiah50@ullrich.com,erimhtagnokto,N
209,1997-07-17,Mrs,Amara,Kehlani,Germany,2228882378,anabel.von@paucek.com,gombsmigootilbare,N
210,2000-09-18,Ms,Arianna,River,Germany,1125473067,delilah77@yahoo.com,babs0201eiorthan,N
211,1965-05-21,Mr,Mustafa,Bhardwaj,India,6180407365,fmannan@kabra.in,jawiqarchangella,Y
212,1998-09-23,Ms.,Prashanti,Bhattarai,Nepal,2213893248,ankita82@ghimire.com,queenbee209scochiquera,N
213,1890-09-15,Ms.,Karoline,Richter,Germany,2438524725,ferdinand78@bayer.com,fideszsbivypopsy,N
214,1987-01-23,Mr.,Dhanush,Dugal,India,95114156995,munni21@venkataram.com,tyclilebypemsmash3r,Y
215,1956-06-03,Ms.,Harper,Wilson,USA,1-750-867-7218,dusty96@hotmail.com,seljanaya4life97,Y
216,1998-01-06,Ms.,Dahlia,Stewart,USA,1-483-338-5070,lawrence31@feeney.com,agathachilepganstagrl806,N
217,1965-11-25,Mr.,Ekbal,Khanna,India,7033487599,kulkarni.upasana@munshi.net,uppkastinrellieri,N
218,1987-11-23,Ms.,Grete,Busch,Germany,5389786450,matthias.maurer@freenet.de,cilfonilegosumquisum0,Y
219,1989-07-25,Mr.,Bijoy,Mogul,India,9082020685,sunita31@hora.in,spalmatotfinetuner,N
220,1856-03-05,Ms.,Brinley,Mccarty,USA,530-906-2795,eliane.treutel@morissette.com,veneriniss5thuig,Y
221,1897-10-24,Mr.,Anees,Baria,India,7854150542,econtractor@yahoo.co.in,criptasevsviato,Y
222,1896-02-28,Ms.,Kusum,Gautam,Nepal,2841269860,raksha64@rauniyar.com,nurslingxneuhofen,Y
223,1995-09-24,Mr.,Raghavan,Subramaniam,India,98318669479,anil99@koshy.com,yilowopveznicima,N
224,1876-07-12,Ms.,Gopikha,Mohanasundram,India,9786817645,gopika21@yahoo.com,wemenyuccozmicplace,Y
225,1992-08-23,Mr.,Balaji,Prashad,India,8386047834,pamela.biyani@yahoo.com,imargibralbozzi,Y
226,1974-06-24,Ms.,Karishma,Rana,Nepal,2575094668,basyal.trilochan@tamang.com,so1picudremo,N
227,1875-02-25,Mr.,Fakaruddin,Reddy,India,9888089622,Ibinnani@pingle.com,zmincairasims,Y
228,1945-01-28,Ms.,Friederike,Schwarz,Germany,289388121,binder.marga@gmail.com,bookworm1591kextrorso,N
229,1997-08-25,Mr.,Virat,Chhabra,India,9734405239,ahuja.radhika@yahoo.com,tramay23ctminifuuuuuur,Y
230,1895-07-08,Ms.,Nirupama,Budha,Nepal,2150421682,trailokya34@devakota.com,todomilenio3kzazou266,N
231,1887-02-23,Mr.,Malik,Koshy,India,7854980528,ruchi.chakkrabati@yahoo.co.in,ro3tlnnaddu,Y